<meta>
    <info type="script" version="1.0.0" name="" description="" />
    <script src="server.lua" type="server" />
    <script src="client.luac" type="client" />
	<file src="blip.png" />
	<file src="law/cia.dff" type="client" download="false" />
    <file src="law/cia.txd" type="client"  download="false" />
	<file src="law/army.dff" type="client" download="false" />
    <file src="law/army.txd" type="client" download="false" />
	<file src="law/taskforce.dff" type="client" download="false" />
    <file src="law/taskforce.txd" type="client"  download="false" />
	<file src="law/detective.dff" type="client" download="false" />
    <file src="law/detective.txd" type="client" download="false" />
	<file src="law/fbi.dff" type="client" download="false" />
    <file src="law/fbi.txd" type="client" download="false" />
	<file src="law/fbi2.dff" type="client" download="false" />
    <file src="law/fbi2.txd" type="client" download="false" />
    <file src="law/sapd.txd" type="client"  download="false" />
	<file src="law/sapd.dff" type="client" download="false" />
    <file src="law/sapd2.txd" type="client" download="false" />
	<file src="law/sapd2.dff" type="client" download="false" />
	<file src="law/mf.txd" type="client" download="false" />
    <file src="law/mf.dff" type="client" download="false" />
	<file src="law/mf2.txd" type="client" download="false" />
    <file src="law/mf2.dff" type="client" download="false" />
	<file src="law/co.txd" type="client" download="false" />
    <file src="law/co.dff" type="client" download="false" />
	<file src="law/co2.txd" type="client" download="false" />
    <file src="law/co2.dff" type="client" download="false" />
    <file src="law/co3.txd" type="client" download="false" />
    <file src="law/co3.dff" type="client" download="false" />
</meta>
